<?xml version="1.0" encoding="UTF-8" ?>
<module>
    <name>blockcontentprotection</name>
    <displayName><![CDATA[Content Protection with Settings]]></displayName>
    <version><![CDATA[1.2.3]]></version>
    <description><![CDATA[Protect your site content with customizable options.]]></description>
    <author><![CDATA[Mohammad Babaei]]></author>
    <tab><![CDATA[front_office_features]]></tab>
    <is_configurable>1</is_configurable>
    <need_instance>0</need_instance>
	<limited_countries></limited_countries>
</module>